key;language;doi;year;journal;authors;title;abstract;decision
rayyan-720690060;;10.1016/j.jsp.2026.101554;2026;JOURNAL OF SCHOOL PSYCHOLOGY;Zhang, Jianhua and Wang, Faming and King, Ronnel B. and Garbacz, Andy;Which social contexts best predict adolescents' social-emotional skills: Combining machine learning and traditional statistics;Social-emotional skills have been demonstrated to be crucial for adolescents' success in the 21st century. However, past studies have primarily focused on the consequences of these skills, with little attention devoted to understanding the factors that could facilitate these skills. This gap prevents educators from targeting the most important factors that could lead to improvements in adolescents' social-emotional skills. To address this gap, this study aimed to examine the role of distinct family, school, peer, and community factors in predicting adolescents' social-emotional skills. We utilized data from the Organization for Economic Co-operation and Development's Survey on Social and Emotional Skills, including 29,798 15-year-olds from nine countries. An integrative modeling approach that combined machine learning (i.e., Extra Gradient Boost) and traditional statistics (i.e., hierarchical linear modeling) was used to rank the relative importance of factors in predicting adolescents' social-emotional skills. Results revealed that school belonging was, by far, the most important predictor of all the different types of social-emotional skills. Other important predictors included social connectedness, school cooperation, and parents' socialemotional skills. This study not only highlights the complexity of factors that might be associated with adolescents' social-emotional skills but also provides empirical evidence to help educators identify the most effective targets for educational interventions.;include
rayyan-720690061;;10.1016/j.paid.2026.114085;2027;PERSONALITY AND INDIVIDUAL DIFFERENCES;van der Linden, Dimitri and Dunkel, Curtis S. and Mansolf, Maxwell and Chen, Zhuo Job and Musek, Janek and Petrides, V, K.;The hidden redundancy in psychological trait measures: A general factor of personality (GFP) perspective;In psychology there is a plethora of different measures and constructs. However, the literature also shows that many of these measures overlap and may even sometimes be redundant. Recognizing such overlap in measures is essential for consolidation and for moving the field forward. Accordingly, we suggest a role herein of the General Factor of Personality (GFP), which emerges from the correlations between specific personality dimensions and reflects a mix of desirable traits (e.g. being sociable, honest, and emotionally stable). It is argued and shown that the GFP is highly correlated with a wide range of psychological traits. We further postulate that this phenomenon provides a parsimonious way of looking at the overlap between many trait measures. This idea is discussed in light of the ongoing debate on the GFP in which some scholars suggest the general factor is substantive and relevant for understanding personality, whereas others consider it to solely reflect a measurement artifact. Irrespective of whether the substantive, artifact, or a mixed explanation of the GFP is adopted, overlooking the presence of a common general factor in psychological measures may, respectively, either impede the development of unifying theories of human behavior, or otherwise compromise measurement validity.;
rayyan-720690062;;;2026;JOURNAL OF BELIEFS \& VALUES-STUDIES IN RELIGION \& EDUCATION;Engelbrecht-Aldworth, Erika and Toendepi, Joyce;Understanding educators' spiritual awareness and well-being in selected South African secondary schools;The South African education system is characterised by overwhelming workloads, limited resources, fear of violence, and a lack of opportunities for advancement. Work is no longer just about completing tasks;
rayyan-720690063;;10.1177/17456916261466950;2026;PERSPECTIVES ON PSYCHOLOGICAL SCIENCE;Haehner, Peter and Asselmann, Eva and Baumgardt, Saskia and Brueggmann, Lena and Denissen, Jaap J. A. and Harzer, Claudia and Juchem, Christina M. and Kramer, Michael D. and Kuper, Niclas and Puhlmann, Lara M. C. and Zimmermann, Johannes and Bleidorn, Wiebke;Ten Concerns About Volitional Personality-Change Interventions-and How to Address Them;Many people want to change their personality in some way, and personality traits have been found to predict various important aspects of life, including well-being, health, relationship quality, and work success. As a result, volitional personality interventions designed to elicit personality-trait change in desired directions have recently gained momentum in research and public discourse. Although the initial evidence on the effectiveness of these interventions is promising, concerns regarding their benefits, risks, and societal implications remain underexplored. In this review, we discuss 10 concerns regarding methodological, ethical, and practical limitations of volitional personality-change interventions. Drawing on research across different areas of psychology, we provide a balanced discussion of each concern and outline directions for future research and practical applications of these interventions. Volitional personality-change interventions have the potential to improve people's lives and increase satisfaction with the self. However, realizing this potential requires sustained research effort, thoughtful study design, and careful implementation of these interventions to maximize benefits and mitigate concerns.;
rayyan-720690065;;;2026;LEARNING DISABILITIES RESEARCH \& PRACTICE;Sharabi, Adi;Understanding Academic Adjustment in Undergraduates With SLD or ADHD: An Integrative Model of Social-Emotional-Behavioral Skills, Academic Self-Efficacy, and Self-Regulated Learning;Students with specific learning disorders (SLD) and/or attention-deficit/hyperactivity disorder (ADHD) often face challenges in higher education;
rayyan-720690066;;;2026;DISCOURSE PROCESSES;Mason, Lucia and Carretti, Barbara;Introduction to the special Issue-35th annual meeting of the Society for Text and Discourse;This special issue of Discourse Processes highlights work presented at the 35th annual meeting of The Society for Text \& Discourse (ST\&D) held in Padua, Italy in July 2025. The special issue opens with the thought-provoking contribution by Arthur Glenberg, the winner of the ST\&D Distinguished Scientific Contribution Award in 2025. The conference-based special collection then includes contributions regarding a range of relevant issues and challenges of research in four main areas: (1) reading, evaluating, and comprehending digital texts;
rayyan-720690068;;;2026;JOURNAL OF PSYCHOLOGY IN AFRICA;Zhang, Shuai and Wu, Wenxi and Wu, Jiheng and Chen, Ge and Zhao, Rui and Xu, Binyan;Network analysis of Chinese and Finnish students' social-emotional skills: A cross-cultural comparative study;Social-emotional skills (SES) are foundational to academic success and well-being, yet limited research has examined how these skills are structurally organized as an interconnected system across cultural contexts. Drawing on data from the 2023 OECD Survey on Social and Emotional Skills (SSES;
rayyan-720690069;;10.1161/STR.0000000000000536;2026;Stroke;Richards, Lorie G. and Ifejika, Nneka L. and Stein, Joel and Bahouth, Mona N. and Abshire Saylor, Martha and Barrett, A.M. and Chen, Peii and Deutsch, Anne F. and Dusenbury, Wendy and Ellis, Charles and Eng, Janice and Fleet, Jamie and Ford, Heather R. and Grattan, Emily S. and Harvey, Richard L. and Jones, Corinne A. and Krishnan, Chandramouli and Kutzle, Sara and Matthews, Deven and Mazwi, Nicole and Minga, Jamila and Nilsen, Dawn M. and Noser, Elizabeth and Porter, Heather R. and Raghavan, Preeti and Rose, Dorian K. and Skidmore, Elizabeth R. and St-Onge, Marie-Pierre and Stoykov, Mary Ellen and Schettini, Amelia Tenberg and Terrill, Alexandra L. and Tirschwell, David L. and Vilar, Paul and Whitaker-Hilbig, Alicen and Zorowitz, Richard and Lo, Warren D. and Wittenberg, George F. and Gaffey, Allison E. and Aggarwal, Dipika and Cecilia Alpasan, Maria and Jackson Amburn, E. and Ashcroft, Sarah K. and Awosika, Oluwole O. and Bakas, Tamilyn and Bowden, Mark and Braun, Robynne and Carpenter, Julia and Chae, John and de la Pena, Paula and Feng, Wuwei and French, Margaret A. and Goldberg, Mark P. and Gonzalez-Fernandez, Marlis and Harris, Jocelyn E. and Jaywant, Abhishek and Kwakkel, Gert and Lang, Catherine E. and Lin, David J. and Lutz, Barbara and McPherson, Laura M. and Michou, Emilia and Nguyen, Vu Q.C. and Plow, Ela B. and Olson, DaiWai and White Chism, Robin and Winterbottom, Lauren and Zawada, Stephanie and Zink, Elizabeth;2026 Guideline for Adult Stroke Rehabilitation and Recovery: A Guideline From the American Heart Association and American Stroke Association;AIM: – The “2026 Guidelines for Adult Stroke Rehabilitation and Recovery” replaces the 2016 “Guidelines for Adult Stroke Rehabilitation and Recovery.” This updated guideline is intended to provide a comprehensive, up-to-date, evidence-based set of recommendations. The intended audience includes physicians, allied health professionals, and caregivers. METHODS: – A comprehensive search for literature published since the 2016 guideline, derived from research involving human participants, published in English, and indexed in MEDLINE, PubMed, Cochrane Library, and other selected databases relevant to this guideline, was conducted between June and October 2025. Other documents on related subject matter previously published by the American Heart Association were also reviewed. STRUCTURE: – This guideline provides recommendations based on the most current evidence available for stroke rehabilitation and recovery. Key updates include new and revised recommendations across the stroke recovery continuum, including the assessment and treatment of medical comorbidities, fracture risk, fall prevention, technology-enabled rehabilitation, caregiver support, participation, and safe return to work and driving. Although this guideline reflects significant advances, it also highlights gaps in knowledge and underscores the urgent need for continued research to further refine and improve treatment strategies. © 2026 American Heart Association, Inc.;
rayyan-720690070;;;2026;Humanistic Psychologist;Husain, Waqar and Jahrami, Haitham and Trabelsi, Khaled and Ammar, Achraf and Ijaz, Farrukh and Husain, Muhammad Ahmad and Jawad, Aatiqa and Iqbal, Angbeen and Kashaf-A-Duja;From traits to character: Development and validation of the Personality and Character Scale.;Modern definitions of personality adopt a comprehensive approach, emphasizing both overt behaviors and overlooked internal qualities that form one’s character. The objective of the current research was to develop and validate the Personality and Character Scale (P & C Scale) to align with the framework of psychosocial health, which redefines mental health to include sexual, emotional, social, environmental, cognitive, religious, moral, and spiritual satisfaction. The study involved 1,846 participants (Mage = 27 years;
rayyan-720690071;;;2026;Asian Journal of Interdisciplinary Research;Li, Xiaoyu and Bin Awang, Mohd Mahzan and Abdul Rahim, Syafiqah;Family Socioeconomic Status, Student Activity Participation, and Socio-Emotional Skills: Evidence from Final-Year Undergraduates in Shandong, China;This study examines the associations among family socioeconomic status (SES), student activity participation (SAP), and selected socio-emotional skill domains among final-year undergraduates, with SAP tested as a statistical mediator. Guided by Astin's I-E-O model and Bourdieu's capital theory, SAP is framed as an educational experience through which family background may be associated with differences in student development. Survey responses from 571 undergraduates at public universities in Shandong Province, China, were analyzed using SPSS 26 and AMOS 24. Structural equation modelling (SEM) was used to estimate the structural associations, and bootstrapping was used to test the indirect association through SAP. SES was positively associated with both SAP and socio-emotional skills, and SAP was positively associated with socio-emotional skills. The bootstrap analysis indicated a significant partial statistical mediation pattern. These findings suggest that family background remains associated with students' socio-emotional development in higher education and with access to student activity experiences. SAP may therefore represent one pathway through which SES-related differences are statistically linked to selected interpersonal and intrapersonal skill domains. Because the study is cross-sectional, the mediation results should be interpreted as associations rather than evidence of temporal or causal transmission. © The Author(s) 2026.;
rayyan-720690073;;;2026;Work, Aging and Retirement;Pfrombeck, Julian and Zaniboni, Sara and Grote, Gudela and Freund, Alexandra M and Heckhausen, Jutta and Truxillo, Donald M and Wang, Mo;Uncertainty in work-related transitions over the life course;Many aspects of one’s life are uncertain due to missing information about situations, probabilistic events, and decision outcomes. In this article, we argue and show that diverse perspectives from lifespan development as well as work and organizational psychology can be integrated into a fuller picture of individuals’ experiences of work-related transitions over the life course through the lens of uncertainty. Drawing from a panel discussion among several of the authors and the literature in aging, career, work, and retirement research, we develop an integrative conceptual framework that differentiates between exogenous and endogenous sources of uncertainty and highlights macro-, meso-, and micro-level sources of individuals’ experience of uncertainty as they navigate work-related transitions. Moreover, we discuss sources of uncertainty in perceptions, evaluations, and decisions during work-related transitions. Based on our framework, we propose a roadmap with recommendations for future research, which include (a) the conceptualization and operationalization of uncertainty based on perspectives common in aging, career, work, and retirement research, (b) the understanding of why and when aspects of uncertainty in work-related transitions can be challenges yet also provide new opportunities, and (c) organizational and policy measures that can help individuals successfully manage these uncertainties over the life course. © The Author(s) 2025. Published by Oxford University Press. This is an Open Access article distributed under the terms of the Creative Commons Attribution-NonCommercial License (https://creativecommons.org/licenses/by-nc/4.0/), which permits non-commercial re-use, distribution, and reproduction in any medium, provided the original work is properly cited. For commercial re-use, please contact reprints@oup.com for reprints and translation rights for reprints. All other permissions can be obtained through our RightsLink service via the Permissions link on the article page on our site—for further information please contact journals.permissions@oup.com.;
rayyan-720690078;;;2026;Behavioral Sciences;Liang, Jinghan and Wong, Chung-Hong;Navigating the Digital Storm: A Systematic Review and Meta-Analysis of Technology-Induced Job Insecurity, Its Outcomes and Moderators;As automated technology advances rapidly, human employees’ fear of being replaced (i.e., technology-induced job insecurity) has become a widespread stress in today’s workplace. It is crucial for organizations to recognize this new technological challenge and address its impact appropriately. Therefore, to systematically understand its impacts and explore potential buffering factors, the present research conducts a systematic review and meta-analysis of 96 studies (N = 43,104 individuals). Drawing on the tripartite response model, we classify their outcome variables into three broad categories encompassing nine subgroups. Furthermore, integrating stress appraisal theory and threat-rigidity theory, we examine two critical moderators reflecting specific coping capability against technological threats. Our findings indicate that technology-induced job insecurity is systematically associated with employees’ cognition, affection, and behavior. Notably, the moderation analysis highlights distinct boundary conditions under which these associations vary across different outcomes, emphasizing the complexity of these effects. Specifically, low threat proximity—providing a crucial time buffer before the actual threat happens—is associated with weaker negative attitudes toward the organization, and lower withdrawal and resistance behaviors. Individuals’ high learning ability—reflecting strong adaptive flexibility—is associated with weaker negative appraisals of the job itself and more sustained proactive behaviors. In summary, the present research contributes to a systematic understanding of how technology-induced job insecurity is related to human psychology and behaviors at work, thereby offering valuable insights to inspire future research and management practice. © 2026 by the authors.;
rayyan-720697085;;;2026;Psychology of Everyday Life: An Evolutionary Approach;Greengross, Gil and Workman, Lance and Holt, Nigel;Psychology of Everyday Life: An Evolutionary Approach;Exploring the psychology of everyday behaviour, this book uses an evolutionary perspective to explain experiences that many people share and can easily relate to. This book focuses on topics that are applicable to what people do and experience in their daily lives. Why do we choose the partners we do? Why do we laugh? Why is play so essential for children? Why are we drawn to stories, music, and sweet food? The book examines such topics as sex and relationships, humour, family dynamics, religion, and media and technology through an evolutionary psychology perspective, looking deep into the ancestral past to uncover the adaptive roots of modern life. In so doing, it reveals how ancient psychological mechanisms continue to shape daily choices, pleasures, fears, and relationships. Each chapter can be read as a standalone topic or as part of a bigger exploration to understand why we do what we do. Written in an accessible style and covering common human behaviours and experiences, this is the ideal book for undergraduate students in introductory modules, as well as more specific courses on such topics as Psychology of Sport, Psychology of Humour, and Psychology of Music. It will also appeal to anyone with an interest in psychological science looking to understand themselves and others. © 2027 Gil Greengross, Lance Workman and Nigel Holt.;
rayyan-720697087;;10.4018/979-8-3373-1042-8;2026;Innovative Strategies for Well-Being and Motivation in Education;Pérez-Jorge, David and Núñez, Juan L.;Innovative Strategies for Well-Being and Motivation in Education;Description: Innovative strategies are reshaping how students learn and connect within academic environments. As schools and universities face increasing pressures, educators are turning to creative approaches that support both emotional resilience and motivation. By integrating practices such as personalized learning pathways, collaborative spaces, and engagement tools, institutions can cultivate environments where students feel empowered and inspired. These emerging strategies not only enhance academic performance but also promote development, preparing learners for success in an increasingly complex world. Innovative Strategies for Well-Being and Motivation in Education explores the integration of educational psychology and tools to help educators engage with their students. This book examines a holistic approach in creating learning environments that are not only effective but also promote the well-being and motivation of students and teachers. Covering topics such as innovative strategies, educational psychology, and student engagement, this book is an excellent resource for researchers, educators, graduate students, and educational institutions. Coverage: The many academic areas covered in this publication include, but are not limited to: Academic Success Cognitive Harmony Effective Communications Inclusive Learning Innovative Education Pedagogical Innovations School Engagement Student Engagement Student Perspectives Student Well-being Teacher Discourse Teacher Education. © 2027 by IGI Global Scientific Publishing. All rights reserved.;
rayyan-720697088;;10.4018/979-8-3693-5638-8.ch021;2026;Encyclopedia of Modern Artificial Intelligence;Efthymiou, Iris-Panagiota;Emotional Intelligence Meets Artificial Intelligence: Redefining Human-Machine Interactions;The convergence of emotional intelligence (EI) and artificial intelligence (AI) is transforming humanmachine interactions by integrating empathy, context, and adaptability into technology. This chapter explores how embedding EI into AI systems enhances their ability to detect, interpret, and respond to human emotions, improving experiences in healthcare, education, and customer service. It examines the benefits of emotionally intelligent AI, such as personalized interactions and stronger trust, alongside challenges like bias, privacy concerns, and the complexity of human emotions. Ethical considerations are addressed, emphasizing transparency, consent, and accountability. By fostering emotionally attuned AI, we move towards a future where machines act not merely as tools but as empathetic collaborators, reshaping industries and advancing human-centred innovation. © 2027 by IGI Global Scientific Publishing. All rights reserved.;
rayyan-720697089;;;;;;Pathological Narcissism Examined from the Perspective of the Big Five Socioemotional Factors;;
rayyan-720697090;;10.1093/oxfordhb/9780192849489.001.0001;2026;The Oxford Handbook of Iconicity in Language;Fischer, Olga and Akita, Kimi and Perniss, Pamela;The Oxford Handbook of Iconicity in Language;The Oxford Handbook of Iconicity in Language offers a comprehensive collection of chapters that address the presence and role of iconicity—the perceived resemblance between form and meaning—in language. The content covers iconicity in all modes of language (spoken, written, and signed), on all levels of language (from phonology and morphology to syntax and discourse), and in all aspects of language (language structure, language learning, language processing, and language evolution and change). Far from being a minor occurrence unique to onomatopoeia, such as meow and clang, the Handbook makes clear that iconicity resides in every aspect of the synchrony and diachrony of language. The publication of the Handbook converges with a renewed academic interest in iconicity. In their breadth and scope, the chapters reflect this history and trajectory of interest in iconicity, moving from Charles Sanders Peirce’s semiotics to the recognition of iconicity as a general, and central, property or design feature of language that may facilitate its processing, acquisition, and evolution. The Handbook is a must-read for students and researchers in all areas of the language sciences, including linguistics, philosophy, psychology, anthropology, and cognitive science, who are interested in why language is structured the way it is. © editorial matter and organization Olga Fischer, Kimi Akita, and Pamela Perniss 2026 © the chapters their several authors 2026.;
rayyan-720697092;;10.5465/ANNALS.2024.0055;2026;Academy of Management Annals;Olekalns, Mara;LOST IN TRANSLATION: WHERE IS THE RELATIONAL CONTEXT IN NEGOTIATION RESEARCH?;Economic and psychological paradigms conceptualize negotiations as time-bounded events set apart from our organizational relationships. These paradigms yield a deep understanding of how negotiators can maximize their dealmaking effectiveness. They also constrain our understanding by abstracting negotiations from the ongoing relationships within which they are embedded. Deeper insight into negotiation dynamics requires a broader view, one that locates negotiations within their relational context. By distilling constructs from disciplines that offer this broader perspective, I identify three insights that expand our conceptualization of negotiation. First, the interaction between broad relationship and domain-specific negotiation narratives shapes how individuals approach negotiations and how they craft settlements. Second, embedding negotiations within a relationship trajectory highlights a recursive dynamic: relationship quality determines at-the-table tactics, and this experience spills over to transform the ongoing relationship. Third, relational tone—the what and how of interpersonal interactions— resets the between-negotiation relationship trajectory. This maintenance work establishes relationship expectations and facilitates (or impedes) convergence to shared narratives, becoming a critical input into subsequent negotiations. In conclusion, I discuss the unifying constructs that broaden negotiation theory, identify the pedagogical implications of a relational perspective, and outline the methodological expansion needed to benefit fromthese insights. © Academy of Management Annals;
